template,product_type
"Run pain-free with [Product]! [Link] #GlobalFitness #ad","insoles"
"Boost runs with [Product]! [Link] #RunTheWorld #ad","insoles"
"Run stronger with [Product]! [Link] #FitnessJourney #ad","insoles"
"Grow your wealth with [Product]! [Link] #FinanceGoals #ad","finance"
"Invest smarter with [Product]! [Link] #WealthBuilding #ad","finance"
"Secure your future with [Product]! [Link] #SmartInvesting #ad","finance"
"Smile brighter with [Product]! [Link] #SmileBright #ad","dental"
"Shine with [Product]! [Link] #TeethWhitening #ad","dental"
"Get a dazzling smile with [Product]! [Link] #SmileConfident #ad","dental"
